"","origin","destinations","tax_year","n","year","total","prop"
"1","bay_area","bay_area","1516",96026,"2015",191097,0.502498731010953
"2","puget_sound_area","puget_sound_area","1516",51644,"2015",100221,0.515301184382515
"3","bay_area","CA","1516",37785,"2015",191097,0.197726808898099
"4","bay_area","LA","1516",14418,"2015",191097,0.0754485941694532
"5","puget_sound_area","WA","1516",10591,"2015",100221,0.105676455034374
"6","bay_area","TX","1516",4874,"2015",191097,0.0255053716175555
"7","bay_area","puget_sound_area","1516",4404,"2015",191097,0.0230458876905446
"8","puget_sound_area","LA","1516",3969,"2015",100221,0.0396024785224654
"9","bay_area","NY","1516",3924,"2015",191097,0.0205340743182782
"10","bay_area","NV","1516",3517,"2015",191097,0.0184042658963772
"11","bay_area","pdx","1516",3189,"2015",191097,0.0166878600919952
"12","puget_sound_area","bay_area","1516",3175,"2015",100221,0.0316799872282256
"13","puget_sound_area","pdx","1516",2969,"2015",100221,0.0296245297891659
"14","puget_sound_area","AZ","1516",2898,"2015",100221,0.0289160954291017
"15","puget_sound_area","TX","1516",2810,"2015",100221,0.0280380359405713
"16","bay_area","AZ","1516",2563,"2015",191097,0.0134120368189977
"17","puget_sound_area","CA","1516",2415,"2015",100221,0.0240967461909181
"18","bay_area","OR","1516",1973,"2015",191097,0.0103245995489202
"19","bay_area","CO","1516",1970,"2015",191097,0.0103089007153435
"20","puget_sound_area","OR","1516",1597,"2015",100221,0.0159347841270792
"21","bay_area","IL","1516",1526,"2015",191097,0.00798547334599706
"22","bay_area","MA","1516",1381,"2015",191097,0.00722669638979157
"23","bay_area","FL","1516",1285,"2015",191097,0.00672433371533828
"24","puget_sound_area","HI","1516",1265,"2015",100221,0.0126221051476238
"25","puget_sound_area","FL","1516",1228,"2015",100221,0.0122529210444917
"26","puget_sound_area","CO","1516",1199,"2015",100221,0.011963560531226
"27","puget_sound_area","NY","1516",1106,"2015",100221,0.0110356112990291
"28","puget_sound_area","NV","1516",1082,"2015",100221,0.01079614052943
"29","bay_area","HI","1516",1024,"2015",191097,0.00535853519416841
"30","puget_sound_area","ID","1516",894,"2015",100221,0.00892028616756967
"31","puget_sound_area","UT","1516",768,"2015",100221,0.00766306462717395
"32","bay_area","NC","1516",744,"2015",191097,0.00389331072701298
"33","puget_sound_area","NC","1516",738,"2015",100221,0.00736372616517496
"34","bay_area","GA","1516",732,"2015",191097,0.00383051539270632
"35","bay_area","UT","1516",724,"2015",191097,0.00378865183650188
"36","puget_sound_area","IL","1516",717,"2015",100221,0.00715418924177568
"37","puget_sound_area","GA","1516",691,"2015",100221,0.00689476257470989
"38","puget_sound_area","VA","1516",674,"2015",100221,0.0067251374462438
"39","bay_area","ID","1516",622,"2015",191097,0.00325489149489526
"40","bay_area","PA","1516",616,"2015",191097,0.00322349382774193
"41","bay_area","DC","1516",576,"2015",191097,0.00301417604671973
"42","puget_sound_area","AK","1516",536,"2015",100221,0.00534818052104848
"43","puget_sound_area","MA","1516",487,"2015",100221,0.00485926103311681
"44","bay_area","VA","1516",436,"2015",191097,0.00228156381314202
"45","bay_area","MD","1516",423,"2015",191097,0.0022135355343098
"46","puget_sound_area","MT","1516",417,"2015",100221,0.00416080462178585
"47","bay_area","MI","1516",400,"2015",191097,0.00209317781022203
"48","puget_sound_area","MD","1516",387,"2015",100221,0.00386146615978687
"49","bay_area","NJ","1516",383,"2015",191097,0.0020042177532876
"50","bay_area","MN","1516",378,"2015",191097,0.00197805303065982
"51","bay_area","OH","1516",346,"2015",191097,0.00181059880584206
"52","puget_sound_area","MN","1516",323,"2015",100221,0.00322287744085571
"53","puget_sound_area","TN","1516",277,"2015",100221,0.00276389179912394
"54","bay_area","WA","1516",271,"2015",191097,0.00141812796642543
"55","puget_sound_area","MI","1516",255,"2015",100221,0.00254437692699135
"56","puget_sound_area","OK","1516",255,"2015",100221,0.00254437692699135
"57","puget_sound_area","PA","1516",255,"2015",100221,0.00254437692699135
"58","puget_sound_area","MO","1516",254,"2015",100221,0.00253439897825805
"59","puget_sound_area","SC","1516",254,"2015",100221,0.00253439897825805
"60","bay_area","CT","1516",247,"2015",191097,0.00129253729781211
"61","puget_sound_area","NJ","1516",243,"2015",100221,0.00242464154219176
"62","bay_area","TN","1516",230,"2015",191097,0.00120357724087767
"63","puget_sound_area","OH","1516",210,"2015",100221,0.00209536923399288
"64","puget_sound_area","DC","1516",205,"2015",100221,0.00204547949032638
"65","puget_sound_area","KS","1516",187,"2015",100221,0.00186587641312699
"66","bay_area","NM","1516",184,"2015",191097,0.000962861792702136
"67","bay_area","WI","1516",176,"2015",191097,0.000920998236497695
"68","puget_sound_area","CT","1516",166,"2015",100221,0.0016563394897277
"69","puget_sound_area","WI","1516",153,"2015",100221,0.00152662615619481
"70","puget_sound_area","NM","1516",147,"2015",100221,0.00146675846379501
"71","bay_area","MO","1516",145,"2015",191097,0.000758776956205487
"72","puget_sound_area","KY","1516",118,"2015",100221,0.00117739795052933
"73","puget_sound_area","IN","1516",71,"2015",100221,0.000708434360064258
"74","bay_area","KS","1516",53,"2015",191097,0.000277346059854419
"75","bay_area","NE","1516",50,"2015",191097,0.000261647226277754
"76","bay_area","KY","1516",49,"2015",191097,0.000256414281752199
"77","bay_area","OK","1516",49,"2015",191097,0.000256414281752199
"78","puget_sound_area","AL","1516",48,"2015",100221,0.000478941539198372
"79","bay_area","IN","1516",44,"2015",191097,0.000230249559124424
"80","bay_area","ME","1516",42,"2015",191097,0.000219783670073314
"81","puget_sound_area","NE","1516",42,"2015",100221,0.000419073846798575
"82","puget_sound_area","ME","1516",33,"2015",100221,0.00032927230819888
"83","puget_sound_area","IA","1516",32,"2015",100221,0.000319294359465581
"84","puget_sound_area","AR","1516",28,"2015",100221,0.000279382564532383
"85","puget_sound_area","RI","1516",28,"2015",100221,0.000279382564532383
"86","bay_area","RI","1516",26,"2015",191097,0.000136056557664432
"87","bay_area","VT","1516",25,"2015",191097,0.000130823613138877
"88","puget_sound_area","ND","1516",24,"2015",100221,0.000239470769599186
"89","bay_area","AK","1516",22,"2015",191097,0.000115124779562212
"90","bay_area","SC","1516",21,"2015",191097,0.000109891835036657
"91","puget_sound_area","DE","1516",21,"2015",100221,0.000209536923399288
"92","bay_area","NH","1516",20,"2015",191097,0.000104658890511102
"93","bay_area","bay_area","1415",72204,"2014",132713,0.544061244942093
"94","puget_sound_area","puget_sound_area","1415",36966,"2014",68980,0.535894462162946
"95","bay_area","CA","1415",24986,"2014",132713,0.188270930504171
"96","bay_area","LA","1415",10538,"2014",132713,0.0794044291064176
"97","puget_sound_area","WA","1415",7106,"2014",68980,0.103015366772978
"98","bay_area","TX","1415",3391,"2014",132713,0.0255513777851454
"99","bay_area","puget_sound_area","1415",2513,"2014",132713,0.0189355978690859
"100","puget_sound_area","LA","1415",3064,"2014",68980,0.0444186720788634
"101","bay_area","NY","1415",2788,"2014",132713,0.021007738503387
"102","bay_area","NV","1415",2485,"2014",132713,0.0187246162772298
"103","bay_area","pdx","1415",1613,"2014",132713,0.0121540467022824
"104","puget_sound_area","bay_area","1415",2156,"2014",68980,0.0312554363583647
"105","puget_sound_area","pdx","1415",1997,"2014",68980,0.0289504204117135
"106","puget_sound_area","AZ","1415",1812,"2014",68980,0.0262684836184401
"107","puget_sound_area","TX","1415",2058,"2014",68980,0.0298347347057118
"108","bay_area","AZ","1415",1629,"2014",132713,0.0122746076119144
"109","puget_sound_area","CA","1415",1831,"2014",68980,0.0265439257755871
"110","bay_area","OR","1415",756,"2014",132713,0.00569650298011498
"111","bay_area","CO","1415",873,"2014",132713,0.00657810463179945
"112","puget_sound_area","OR","1415",868,"2014",68980,0.0125833574949261
"113","bay_area","IL","1415",968,"2014",132713,0.00729393503273982
"114","bay_area","MA","1415",796,"2014",132713,0.00599790525419514
"115","bay_area","FL","1415",804,"2014",132713,0.00605818570901117
"116","puget_sound_area","HI","1415",879,"2014",68980,0.0127428240069585
"117","puget_sound_area","FL","1415",789,"2014",68980,0.0114380979994201
"118","puget_sound_area","CO","1415",852,"2014",68980,0.012351406204697
"119","puget_sound_area","NY","1415",757,"2014",68980,0.010974195418962
"120","puget_sound_area","NV","1415",762,"2014",68980,0.0110466801971586
"121","bay_area","HI","1415",794,"2014",132713,0.00598283514049113
"122","puget_sound_area","ID","1415",408,"2014",68980,0.00591475790084082
"123","puget_sound_area","UT","1415",402,"2014",68980,0.00582777616700493
"124","bay_area","NC","1415",279,"2014",132713,0.0021022808617091
"125","puget_sound_area","NC","1415",319,"2014",68980,0.00462452884894172
"126","bay_area","GA","1415",359,"2014",132713,0.00270508540986942
"127","bay_area","UT","1415",377,"2014",132713,0.00284071643320549
"128","puget_sound_area","IL","1415",453,"2014",68980,0.00656712090461003
"129","puget_sound_area","GA","1415",329,"2014",68980,0.00476949840533488
"130","puget_sound_area","VA","1415",287,"2014",68980,0.00416062626848362
"131","bay_area","ID","1415",150,"2014",132713,0.00113025852780059
"132","bay_area","PA","1415",334,"2014",132713,0.00251670898856932
"133","bay_area","DC","1415",363,"2014",132713,0.00273522563727743
"134","puget_sound_area","AK","1415",380,"2014",68980,0.00550884314293998
"135","puget_sound_area","MA","1415",261,"2014",68980,0.00378370542186141
"136","bay_area","VA","1415",281,"2014",132713,0.00211735097541311
"137","bay_area","MD","1415",245,"2014",132713,0.00184608892874097
"138","puget_sound_area","MT","1415",196,"2014",68980,0.00284140330530589
"139","bay_area","MI","1415",196,"2014",132713,0.00147687114299277
"140","puget_sound_area","MD","1415",141,"2014",68980,0.00204407074514352
"141","bay_area","NJ","1415",284,"2014",132713,0.00213995614596912
"142","bay_area","MN","1415",169,"2014",132713,0.00127342460798867
"143","bay_area","OH","1415",132,"2014",132713,0.000994627504464521
"144","puget_sound_area","MN","1415",177,"2014",68980,0.00256596114815889
"145","puget_sound_area","TN","1415",110,"2014",68980,0.00159466512032473
"146","bay_area","WA","1415",49,"2014",132713,0.000369217785748193
"147","puget_sound_area","MI","1415",130,"2014",68980,0.00188460423311105
"148","puget_sound_area","OK","1415",126,"2014",68980,0.00182661641055378
"149","puget_sound_area","PA","1415",105,"2014",68980,0.00152218034212815
"150","puget_sound_area","MO","1415",149,"2014",68980,0.00216004639025805
"151","puget_sound_area","SC","1415",86,"2014",68980,0.00124673818498115
"152","bay_area","CT","1415",115,"2014",132713,0.000866531537980454
"153","puget_sound_area","NJ","1415",80,"2014",68980,0.00115975645114526
"154","bay_area","TN","1415",115,"2014",132713,0.000866531537980454
"155","puget_sound_area","OH","1415",129,"2014",68980,0.00187010727747173
"156","puget_sound_area","DC","1415",110,"2014",68980,0.00159466512032473
"157","puget_sound_area","KS","1415",101,"2014",68980,0.00146419251957089
"158","bay_area","NM","1415",101,"2014",132713,0.000761040742052399
"159","bay_area","WI","1415",52,"2014",132713,0.000391822956304205
"160","puget_sound_area","CT","1415",85,"2014",68980,0.00123224122934184
"161","puget_sound_area","WI","1415",59,"2014",68980,0.000855320382719629
"162","puget_sound_area","NM","1415",82,"2014",68980,0.00118875036242389
"163","bay_area","MO","1415",43,"2014",132713,0.00032400744463617
"164","puget_sound_area","KY","1415",55,"2014",68980,0.000797332560162366
"165","puget_sound_area","IN","1415",23,"2014",68980,0.000333429979704262
"166","bay_area","NE","1415",27,"2014",132713,0.000203446535004107
"167","bay_area","OK","1415",20,"2014",132713,0.000150701137040079
"168","bay_area","IN","1415",50,"2014",132713,0.000376752842600197
"169","puget_sound_area","NE","1415",37,"2014",68980,0.000536387358654682
"170","puget_sound_area","IA","1415",20,"2014",68980,0.000289939112786315
"171","puget_sound_area","ND","1415",20,"2014",68980,0.000289939112786315
"172","bay_area","AK","1415",46,"2014",132713,0.000346612615192182
"173","bay_area","bay_area","1314",89291,"2013",167471,0.533172907548172
"174","puget_sound_area","puget_sound_area","1314",45370,"2013",93106,0.487294051940799
"175","bay_area","CA","1314",31248,"2013",167471,0.186587528587039
"176","bay_area","LA","1314",12874,"2013",167471,0.0768730108496396
"177","puget_sound_area","WA","1314",9035,"2013",93106,0.0970399329796146
"178","bay_area","TX","1314",4802,"2013",167471,0.0286736211045494
"179","bay_area","puget_sound_area","1314",3153,"2013",167471,0.018827140221292
"180","puget_sound_area","LA","1314",4118,"2013",93106,0.0442291581638133
"181","bay_area","NY","1314",3196,"2013",167471,0.0190839010933236
"182","bay_area","NV","1314",3023,"2013",167471,0.0180508864221268
"183","bay_area","pdx","1314",1960,"2013",167471,0.0117035188181834
"184","puget_sound_area","bay_area","1314",3026,"2013",93106,0.0325005907245505
"185","puget_sound_area","pdx","1314",2715,"2013",93106,0.0291603119025627
"186","puget_sound_area","AZ","1314",2681,"2013",93106,0.0287951367258823
"187","puget_sound_area","TX","1314",3285,"2013",93106,0.0352823663351449
"188","bay_area","AZ","1314",2106,"2013",167471,0.0125753115464767
"189","puget_sound_area","CA","1314",3060,"2013",93106,0.0328657659012309
"190","bay_area","OR","1314",1094,"2013",167471,0.00653247427912892
"191","bay_area","CO","1314",1299,"2013",167471,0.00775656680858178
"192","puget_sound_area","OR","1314",1412,"2013",93106,0.0151655102786072
"193","bay_area","IL","1314",1302,"2013",167471,0.00777448035779329
"194","bay_area","MA","1314",1159,"2013",167471,0.00692060117871154
"195","bay_area","FL","1314",1276,"2013",167471,0.00761922959796024
"196","puget_sound_area","HI","1314",1366,"2013",93106,0.0146714497454514
"197","puget_sound_area","FL","1314",1573,"2013",93106,0.0168947221446523
"198","puget_sound_area","CO","1314",1241,"2013",93106,0.0133288939488325
"199","puget_sound_area","NY","1314",1101,"2013",93106,0.0118252314566193
"200","puget_sound_area","NV","1314",1034,"2013",93106,0.0111056215496316
"201","bay_area","HI","1314",1064,"2013",167471,0.00635333878701387
"202","puget_sound_area","ID","1314",809,"2013",93106,0.00868902111571757
"203","puget_sound_area","UT","1314",578,"2013",93106,0.00620797800356583
"204","bay_area","NC","1314",627,"2013",167471,0.0037439317852046
"205","puget_sound_area","NC","1314",671,"2013",93106,0.0072068395162503
"206","bay_area","GA","1314",565,"2013",167471,0.00337371843483349
"207","bay_area","UT","1314",466,"2013",167471,0.00278257131085382
"208","puget_sound_area","IL","1314",595,"2013",93106,0.006390565591906
"209","puget_sound_area","GA","1314",715,"2013",93106,0.00767941915666015
"210","puget_sound_area","VA","1314",613,"2013",93106,0.00658389362661912
"211","bay_area","ID","1314",355,"2013",167471,0.00211976999002812
"212","bay_area","PA","1314",420,"2013",167471,0.00250789688961074
"213","bay_area","DC","1314",464,"2013",167471,0.00277062894471282
"214","puget_sound_area","AK","1314",544,"2013",93106,0.00584280282688549
"215","puget_sound_area","MA","1314",430,"2013",93106,0.00461839194036904
"216","bay_area","VA","1314",451,"2013",167471,0.00269300356479629
"217","bay_area","MD","1314",375,"2013",167471,0.00223919365143816
"218","puget_sound_area","MT","1314",368,"2013",93106,0.00395248426524606
"219","bay_area","MI","1314",372,"2013",167471,0.00222128010222665
"220","puget_sound_area","MD","1314",298,"2013",93106,0.00320065301913948
"221","bay_area","NJ","1314",455,"2013",167471,0.0027168882970783
"222","bay_area","MN","1314",361,"2013",167471,0.00215559708845113
"223","bay_area","OH","1314",227,"2013",167471,0.0013554585570039
"224","puget_sound_area","MN","1314",312,"2013",93106,0.00335101926836079
"225","puget_sound_area","TN","1314",246,"2013",93106,0.00264214980774601
"226","bay_area","WA","1314",137,"2013",167471,0.000818052080658741
"227","puget_sound_area","MI","1314",215,"2013",93106,0.00230919597018452
"228","puget_sound_area","OK","1314",186,"2013",93106,0.00199772302536893
"229","puget_sound_area","PA","1314",256,"2013",93106,0.00274955427147552
"230","puget_sound_area","MO","1314",265,"2013",93106,0.00284621828883208
"231","puget_sound_area","SC","1314",287,"2013",93106,0.00308250810903701
"232","bay_area","CT","1314",227,"2013",167471,0.0013554585570039
"233","puget_sound_area","NJ","1314",119,"2013",93106,0.0012781131183812
"234","bay_area","TN","1314",172,"2013",167471,0.0010270434881263
"235","puget_sound_area","OH","1314",207,"2013",93106,0.00222327239920091
"236","puget_sound_area","DC","1314",156,"2013",93106,0.0016755096341804
"237","puget_sound_area","KS","1314",222,"2013",93106,0.00238437909479518
"238","bay_area","NM","1314",222,"2013",167471,0.00132560264165139
"239","bay_area","WI","1314",166,"2013",167471,0.000991216389703292
"240","puget_sound_area","CT","1314",204,"2013",93106,0.00219105106008206
"241","puget_sound_area","WI","1314",132,"2013",93106,0.00141773892122957
"242","puget_sound_area","NM","1314",158,"2013",93106,0.0016969905269263
"243","bay_area","MO","1314",142,"2013",167471,0.00084790799601125
"244","puget_sound_area","KY","1314",120,"2013",93106,0.00128885356475415
"245","puget_sound_area","IN","1314",42,"2013",93106,0.000451098747663953
"246","bay_area","KS","1314",29,"2013",167471,0.000173164309044551
"247","bay_area","OK","1314",23,"2013",167471,0.00013733721062154
"248","puget_sound_area","AL","1314",109,"2013",93106,0.00117070865465169
"249","bay_area","IN","1314",71,"2013",167471,0.000423953998005625
"250","puget_sound_area","NE","1314",38,"2013",93106,0.000408136962172148
"251","puget_sound_area","ME","1314",34,"2013",93106,0.000365175176680343
"252","puget_sound_area","IA","1314",55,"2013",93106,0.000590724550512319
"253","puget_sound_area","RI","1314",31,"2013",93106,0.000332953837561489
"254","bay_area","RI","1314",23,"2013",167471,0.00013733721062154
"255","bay_area","AK","1314",37,"2013",167471,0.000220933773608565
"256","bay_area","SC","1314",44,"2013",167471,0.000262732055102077
"257","puget_sound_area","DE","1314",22,"2013",93106,0.000236289820204928
"258","bay_area","bay_area","1213",94990,"2012",181713,0.522747409376324
"259","puget_sound_area","puget_sound_area","1213",47706,"2012",105991,0.450094819371456
"260","bay_area","CA","1213",32006,"2012",181713,0.1761348940362
"261","bay_area","LA","1213",13706,"2012",181713,0.0754266343079471
"262","puget_sound_area","WA","1213",9700,"2012",105991,0.0915172042909304
"263","bay_area","TX","1213",4791,"2012",181713,0.0263657525878721
"264","bay_area","puget_sound_area","1213",3292,"2012",181713,0.0181164803839021
"265","puget_sound_area","LA","1213",4513,"2012",105991,0.042579086903605
"266","bay_area","NY","1213",3735,"2012",181713,0.0205543907150286
"267","bay_area","NV","1213",3208,"2012",181713,0.0176542129621986
"268","bay_area","pdx","1213",1918,"2012",181713,0.0105551061288956
"269","puget_sound_area","bay_area","1213",3594,"2012",105991,0.033908539404289
"270","puget_sound_area","pdx","1213",2842,"2012",105991,0.0268135973809097
"271","puget_sound_area","AZ","1213",3467,"2012",105991,0.0327103244615109
"272","puget_sound_area","TX","1213",3753,"2012",105991,0.035408666773594
"273","bay_area","AZ","1213",2502,"2012",181713,0.0137689653464529
"274","puget_sound_area","CA","1213",3851,"2012",105991,0.0363332735798323
"275","bay_area","OR","1213",1340,"2012",181713,0.00737426601288846
"276","bay_area","CO","1213",1599,"2012",181713,0.00879959056314078
"277","puget_sound_area","OR","1213",1912,"2012",105991,0.0180392674849751
"278","bay_area","IL","1213",1618,"2012",181713,0.00890415105138322
"279","bay_area","MA","1213",1604,"2012",181713,0.00882710648109932
"280","bay_area","FL","1213",1879,"2012",181713,0.010340481968819
"281","puget_sound_area","HI","1213",1356,"2012",105991,0.0127935390740723
"282","puget_sound_area","FL","1213",2565,"2012",105991,0.0242001679387873
"283","puget_sound_area","CO","1213",1522,"2012",105991,0.01435970978668
"284","puget_sound_area","NY","1213",1330,"2012",105991,0.0125482352275193
"285","puget_sound_area","NV","1213",1208,"2012",105991,0.011397194101386
"286","bay_area","HI","1213",1277,"2012",181713,0.00702756544661086
"287","puget_sound_area","ID","1213",1053,"2012",105991,0.00993480578539687
"288","puget_sound_area","UT","1213",787,"2012",105991,0.00742515873989301
"289","bay_area","NC","1213",907,"2012",181713,0.00499138751767898
"290","puget_sound_area","NC","1213",835,"2012",105991,0.00787802737968318
"291","bay_area","GA","1213",741,"2012",181713,0.00407785904145548
"292","bay_area","UT","1213",662,"2012",181713,0.00364310753771057
"293","puget_sound_area","IL","1213",885,"2012",105991,0.00834976554613128
"294","puget_sound_area","GA","1213",852,"2012",105991,0.00803841835627553
"295","puget_sound_area","VA","1213",1043,"2012",105991,0.00984045815210725
"296","bay_area","ID","1213",353,"2012",181713,0.00194262380787285
"297","bay_area","PA","1213",702,"2012",181713,0.00386323488137888
"298","bay_area","DC","1213",567,"2012",181713,0.00312030509649832
"299","puget_sound_area","AK","1213",825,"2012",105991,0.00778367974639356
"300","puget_sound_area","MA","1213",609,"2012",105991,0.00574577086733779
"301","bay_area","VA","1213",737,"2012",181713,0.00405584630708865
"302","bay_area","MD","1213",599,"2012",181713,0.00329640697143297
"303","puget_sound_area","MT","1213",609,"2012",105991,0.00574577086733779
"304","bay_area","MI","1213",481,"2012",181713,0.00264703130761145
"305","puget_sound_area","MD","1213",491,"2012",105991,0.00463246879452029
"306","bay_area","NJ","1213",834,"2012",181713,0.00458965511548431
"307","bay_area","MN","1213",371,"2012",181713,0.0020416811125236
"308","bay_area","OH","1213",402,"2012",181713,0.00221227980386654
"309","puget_sound_area","MN","1213",426,"2012",105991,0.00401920917813777
"310","puget_sound_area","TN","1213",381,"2012",105991,0.00359464482833448
"311","bay_area","WA","1213",292,"2012",181713,0.00160692960877868
"312","puget_sound_area","MI","1213",416,"2012",105991,0.00392486154484815
"313","puget_sound_area","OK","1213",278,"2012",105991,0.00262286420545141
"314","puget_sound_area","PA","1213",400,"2012",105991,0.00377390533158476
"315","puget_sound_area","MO","1213",367,"2012",105991,0.00346255814172901
"316","puget_sound_area","SC","1213",421,"2012",105991,0.00397203536149296
"317","bay_area","CT","1213",360,"2012",181713,0.00198114609301481
"318","puget_sound_area","NJ","1213",289,"2012",105991,0.00272664660206999
"319","bay_area","TN","1213",265,"2012",181713,0.00145834365180257
"320","puget_sound_area","OH","1213",385,"2012",105991,0.00363238388165033
"321","puget_sound_area","DC","1213",242,"2012",105991,0.00228321272560878
"322","puget_sound_area","KS","1213",291,"2012",105991,0.00274551612872791
"323","bay_area","NM","1213",327,"2012",181713,0.00179954103448845
"324","bay_area","WI","1213",206,"2012",181713,0.00113365581989181
"325","puget_sound_area","CT","1213",230,"2012",105991,0.00216999556566124
"326","puget_sound_area","WI","1213",174,"2012",105991,0.00164164881923937
"327","puget_sound_area","NM","1213",222,"2012",105991,0.00209451745902954
"328","bay_area","MO","1213",289,"2012",181713,0.00159042005800356
"329","puget_sound_area","KY","1213",171,"2012",105991,0.00161334452925248
"330","puget_sound_area","IN","1213",120,"2012",105991,0.00113217159947543
"331","bay_area","KS","1213",144,"2012",181713,0.000792458437205924
"332","bay_area","NE","1213",70,"2012",181713,0.000385222851419546
"333","bay_area","KY","1213",83,"2012",181713,0.000456764238111748
"334","bay_area","OK","1213",125,"2012",181713,0.000687897948963475
"335","puget_sound_area","AL","1213",155,"2012",105991,0.00146238831598909
"336","bay_area","IN","1213",113,"2012",181713,0.000621859745862982
"337","bay_area","ME","1213",60,"2012",181713,0.000330191015502468
"338","puget_sound_area","NE","1213",109,"2012",105991,0.00102838920285685
"339","puget_sound_area","ME","1213",37,"2012",105991,0.00034908624317159
"340","puget_sound_area","IA","1213",110,"2012",105991,0.00103782396618581
"341","puget_sound_area","AR","1213",67,"2012",105991,0.000632129143040447
"342","puget_sound_area","RI","1213",51,"2012",105991,0.000481172929777057
"343","bay_area","RI","1213",55,"2012",181713,0.000302675097543929
"344","bay_area","VT","1213",20,"2012",181713,0.000110063671834156
"345","puget_sound_area","ND","1213",125,"2012",105991,0.00117934541612024
"346","bay_area","AK","1213",155,"2012",181713,0.000852993456714709
"347","bay_area","SC","1213",47,"2012",181713,0.000258649628810267
"348","puget_sound_area","DE","1213",31,"2012",105991,0.000292477663197819
"349","bay_area","NH","1213",84,"2012",181713,0.000462267421703455
"350","bay_area","bay_area","1112",92605,"2011",173900,0.532518688901668
"351","puget_sound_area","puget_sound_area","1112",44252,"2011",100863,0.438733727927982
"352","bay_area","CA","1112",30592,"2011",173900,0.175917193789534
"353","bay_area","LA","1112",13193,"2011",173900,0.0758654399079931
"354","puget_sound_area","WA","1112",9375,"2011",100863,0.0929478599684721
"355","bay_area","TX","1112",4248,"2011",173900,0.0244278320874066
"356","bay_area","puget_sound_area","1112",2773,"2011",173900,0.0159459459459459
"357","puget_sound_area","LA","1112",4498,"2011",100863,0.0445951439080733
"358","bay_area","NY","1112",3594,"2011",173900,0.0206670500287522
"359","bay_area","NV","1112",2839,"2011",173900,0.0163254744105808
"360","bay_area","pdx","1112",1719,"2011",173900,0.00988499137435308
"361","puget_sound_area","bay_area","1112",3601,"2011",100863,0.0357018926662899
"362","puget_sound_area","pdx","1112",2937,"2011",100863,0.0291187055709229
"363","puget_sound_area","AZ","1112",3327,"2011",100863,0.0329853365456114
"364","puget_sound_area","TX","1112",3315,"2011",100863,0.0328663632848517
"365","bay_area","AZ","1112",2234,"2011",173900,0.0128464634847614
"366","puget_sound_area","CA","1112",3596,"2011",100863,0.0356523204743067
"367","bay_area","OR","1112",1178,"2011",173900,0.0067740080506038
"368","bay_area","CO","1112",1462,"2011",173900,0.00840713053479011
"369","puget_sound_area","OR","1112",1836,"2011",100863,0.0182029088962256
"370","bay_area","IL","1112",1567,"2011",173900,0.00901092581943646
"371","bay_area","MA","1112",1450,"2011",173900,0.00833812535940195
"372","bay_area","FL","1112",1962,"2011",173900,0.0112823461759632
"373","puget_sound_area","HI","1112",1371,"2011",100863,0.0135926950417894
"374","puget_sound_area","FL","1112",2358,"2011",100863,0.0233782457392701
"375","puget_sound_area","CO","1112",1383,"2011",100863,0.013711668302549
"376","puget_sound_area","NY","1112",1358,"2011",100863,0.0134638073426331
"377","puget_sound_area","NV","1112",1287,"2011",100863,0.0127598822164718
"378","bay_area","HI","1112",1101,"2011",173900,0.00633122484186314
"379","puget_sound_area","ID","1112",982,"2011",100863,0.00973597850549756
"380","puget_sound_area","UT","1112",758,"2011",100863,0.00751514430465086
"381","bay_area","NC","1112",671,"2011",173900,0.00385853939045428
"382","puget_sound_area","NC","1112",793,"2011",100863,0.00786214964853316
"383","bay_area","GA","1112",860,"2011",173900,0.00494537090281771
"384","bay_area","UT","1112",508,"2011",173900,0.00292121909143186
"385","puget_sound_area","IL","1112",903,"2011",100863,0.00895273787216323
"386","puget_sound_area","GA","1112",904,"2011",100863,0.00896265231055987
"387","puget_sound_area","VA","1112",1052,"2011",100863,0.0104299891932621
"388","bay_area","ID","1112",364,"2011",173900,0.00209315698677401
"389","bay_area","PA","1112",639,"2011",173900,0.00367452558941921
"390","bay_area","DC","1112",543,"2011",173900,0.00312248418631397
"391","puget_sound_area","AK","1112",745,"2011",100863,0.00738625660549458
"392","puget_sound_area","MA","1112",579,"2011",100863,0.00574045983165284
"393","bay_area","VA","1112",777,"2011",173900,0.00446808510638298
"394","bay_area","MD","1112",636,"2011",173900,0.00365727429557217
"395","puget_sound_area","MT","1112",520,"2011",100863,0.00515550796625125
"396","bay_area","MI","1112",534,"2011",173900,0.00307073030477286
"397","puget_sound_area","MD","1112",492,"2011",100863,0.00487790369114542
"398","bay_area","NJ","1112",743,"2011",173900,0.00427257044278321
"399","bay_area","MN","1112",403,"2011",173900,0.00231742380678551
"400","bay_area","OH","1112",414,"2011",173900,0.00238067855089132
"401","puget_sound_area","MN","1112",386,"2011",100863,0.00382697322110189
"402","puget_sound_area","TN","1112",389,"2011",100863,0.0038567165362918
"403","bay_area","WA","1112",241,"2011",173900,0.00138585393904543
"404","puget_sound_area","MI","1112",388,"2011",100863,0.00384680209789516
"405","puget_sound_area","OK","1112",249,"2011",100863,0.00246869516076262
"406","puget_sound_area","PA","1112",404,"2011",100863,0.00400543311224136
"407","puget_sound_area","MO","1112",307,"2011",100863,0.00304373258776757
"408","puget_sound_area","SC","1112",348,"2011",100863,0.00345022456202968
"409","bay_area","CT","1112",385,"2011",173900,0.00221391604370328
"410","puget_sound_area","NJ","1112",318,"2011",100863,0.00315279141013057
"411","bay_area","TN","1112",221,"2011",173900,0.0012708453133985
"412","puget_sound_area","OH","1112",370,"2011",100863,0.0036683422067557
"413","puget_sound_area","DC","1112",239,"2011",100863,0.00236955077679625
"414","puget_sound_area","KS","1112",246,"2011",100863,0.00243895184557271
"415","bay_area","NM","1112",321,"2011",173900,0.00184588844163312
"416","bay_area","WI","1112",178,"2011",173900,0.00102357676825762
"417","puget_sound_area","CT","1112",189,"2011",100863,0.0018738288569644
"418","puget_sound_area","WI","1112",206,"2011",100863,0.00204237430970723
"419","puget_sound_area","NM","1112",280,"2011",100863,0.00277604275105837
"420","bay_area","MO","1112",251,"2011",173900,0.00144335825186889
"421","puget_sound_area","KY","1112",179,"2011",100863,0.00177468447299803
"422","puget_sound_area","IN","1112",172,"2011",100863,0.00170528340422157
"423","bay_area","KS","1112",112,"2011",173900,0.000644048303622772
"424","bay_area","NE","1112",54,"2011",173900,0.000310523289246693
"425","bay_area","KY","1112",51,"2011",173900,0.000293271995399655
"426","bay_area","OK","1112",146,"2011",173900,0.000839562967222542
"427","puget_sound_area","AL","1112",182,"2011",100863,0.00180442778818794
"428","bay_area","IN","1112",139,"2011",173900,0.000799309948246118
"429","bay_area","ME","1112",41,"2011",173900,0.000235767682576193
"430","puget_sound_area","NE","1112",92,"2011",100863,0.000912128332490606
"431","puget_sound_area","ME","1112",34,"2011",100863,0.000337090905485659
"432","puget_sound_area","IA","1112",93,"2011",100863,0.000922042770887243
"433","puget_sound_area","AR","1112",71,"2011",100863,0.000703925126161229
"434","puget_sound_area","RI","1112",45,"2011",100863,0.000446149727848666
"435","bay_area","RI","1112",51,"2011",173900,0.000293271995399655
"436","bay_area","VT","1112",26,"2011",173900,0.000149511213341001
"437","puget_sound_area","ND","1112",128,"2011",100863,0.00126904811476954
"438","bay_area","AK","1112",103,"2011",173900,0.000592294422081656
"439","bay_area","SC","1112",29,"2011",173900,0.000166762507188039
"440","puget_sound_area","DE","1112",36,"2011",100863,0.000356919782278933
"441","bay_area","NH","1112",22,"2011",173900,0.000126509488211616
"442","bay_area","bay_area","1011",81951,"2010",154668,0.529851035766933
"443","puget_sound_area","puget_sound_area","1011",40024,"2010",88017,0.454730336185055
"444","bay_area","CA","1011",27117,"2010",154668,0.175323919621383
"445","bay_area","LA","1011",11988,"2010",154668,0.0775079525176507
"446","puget_sound_area","WA","1011",9045,"2010",88017,0.10276423872661
"447","bay_area","TX","1011",3531,"2010",154668,0.0228295445728916
"448","bay_area","puget_sound_area","1011",2598,"2010",154668,0.0167972689890604
"449","puget_sound_area","LA","1011",3688,"2010",88017,0.041900996398423
"450","bay_area","NY","1011",3640,"2010",154668,0.0235342798768976
"451","bay_area","NV","1011",2194,"2010",154668,0.014185222541185
"452","bay_area","pdx","1011",1553,"2010",154668,0.0100408617167093
"453","puget_sound_area","bay_area","1011",2604,"2010",88017,0.0295851937693855
"454","puget_sound_area","pdx","1011",2697,"2010",88017,0.0306418078325778
"455","puget_sound_area","AZ","1011",2590,"2010",88017,0.0294261335878296
"456","puget_sound_area","TX","1011",2821,"2010",88017,0.0320506265835009
"457","bay_area","AZ","1011",1858,"2010",154668,0.0120128274756252
"458","puget_sound_area","CA","1011",3032,"2010",88017,0.0344478907483782
"459","bay_area","OR","1011",996,"2010",154668,0.00643959965862363
"460","bay_area","CO","1011",1391,"2010",154668,0.0089934569529573
"461","puget_sound_area","OR","1011",1476,"2010",88017,0.016769487712601
"462","bay_area","IL","1011",1304,"2010",154668,0.00843096180205343
"463","bay_area","MA","1011",1409,"2010",154668,0.00910983526004086
"464","bay_area","FL","1011",1800,"2010",154668,0.011637830708356
"465","puget_sound_area","HI","1011",1291,"2010",88017,0.014667621027756
"466","puget_sound_area","FL","1011",1760,"2010",88017,0.0199961371098765
"467","puget_sound_area","CO","1011",1188,"2010",88017,0.0134973925491666
"468","puget_sound_area","NY","1011",1261,"2010",88017,0.0143267777815649
"469","puget_sound_area","NV","1011",1001,"2010",88017,0.0113728029812423
"470","bay_area","HI","1011",1070,"2010",154668,0.00691804380996716
"471","puget_sound_area","ID","1011",858,"2010",88017,0.00974811684106479
"472","puget_sound_area","UT","1011",656,"2010",88017,0.00745310565004488
"473","bay_area","NC","1011",769,"2010",154668,0.00497193989706985
"474","puget_sound_area","NC","1011",675,"2010",88017,0.00766897303929923
"475","bay_area","GA","1011",569,"2010",154668,0.00367884759614141
"476","bay_area","UT","1011",472,"2010",154668,0.00305169783019112
"477","puget_sound_area","IL","1011",810,"2010",88017,0.00920276764715907
"478","puget_sound_area","GA","1011",777,"2010",88017,0.00882784007634889
"479","puget_sound_area","VA","1011",834,"2010",88017,0.00947544224411193
"480","bay_area","ID","1011",276,"2010",154668,0.00178446737528125
"481","bay_area","PA","1011",645,"2010",154668,0.00417022267049422
"482","bay_area","DC","1011",585,"2010",154668,0.00378229498021569
"483","puget_sound_area","AK","1011",694,"2010",88017,0.00788484042855358
"484","puget_sound_area","MA","1011",527,"2010",88017,0.00598747969142325
"485","bay_area","VA","1011",781,"2010",154668,0.00504952543512556
"486","bay_area","MD","1011",626,"2010",154668,0.00404737890190602
"487","puget_sound_area","MT","1011",462,"2010",88017,0.00524898599134258
"488","bay_area","MI","1011",474,"2010",154668,0.0030646287532004
"489","puget_sound_area","MD","1011",463,"2010",88017,0.00526034743288228
"490","bay_area","NJ","1011",761,"2010",154668,0.00492021620503272
"491","bay_area","MN","1011",366,"2010",154668,0.00236635891069905
"492","bay_area","OH","1011",323,"2010",154668,0.00208834406599943
"493","puget_sound_area","MN","1011",350,"2010",88017,0.0039765045388959
"494","puget_sound_area","TN","1011",329,"2010",88017,0.00373791426656214
"495","bay_area","WA","1011",192,"2010",154668,0.0012413686088913
"496","puget_sound_area","MI","1011",284,"2010",88017,0.00322664939727553
"497","puget_sound_area","OK","1011",284,"2010",88017,0.00322664939727553
"498","puget_sound_area","PA","1011",342,"2010",88017,0.00388561300657827
"499","puget_sound_area","MO","1011",348,"2010",88017,0.00395378165581649
"500","puget_sound_area","SC","1011",464,"2010",88017,0.00527170887442199
"501","bay_area","CT","1011",333,"2010",154668,0.00215299868104585
"502","puget_sound_area","NJ","1011",251,"2010",88017,0.00285172182646534
"503","bay_area","TN","1011",185,"2010",154668,0.00119611037835881
"504","puget_sound_area","OH","1011",223,"2010",88017,0.00253360146335367
"505","puget_sound_area","DC","1011",284,"2010",88017,0.00322664939727553
"506","puget_sound_area","KS","1011",200,"2010",88017,0.00227228830794051
"507","bay_area","NM","1011",308,"2010",154668,0.0019913621434298
"508","bay_area","WI","1011",178,"2010",154668,0.00115085214782631
"509","puget_sound_area","CT","1011",244,"2010",88017,0.00277219173568742
"510","puget_sound_area","WI","1011",172,"2010",88017,0.00195416794482884
"511","puget_sound_area","NM","1011",203,"2010",88017,0.00230637263255962
"512","bay_area","MO","1011",157,"2010",154668,0.00101507745622883
"513","puget_sound_area","KY","1011",156,"2010",88017,0.0017723848801936
"514","puget_sound_area","IN","1011",136,"2010",88017,0.00154515604939955
"515","bay_area","KS","1011",74,"2010",154668,0.000478444151343523
"516","bay_area","NE","1011",51,"2010",154668,0.000329738536736752
"517","bay_area","KY","1011",102,"2010",154668,0.000659477073473505
"518","bay_area","OK","1011",136,"2010",154668,0.000879302764631339
"519","puget_sound_area","AL","1011",112,"2010",88017,0.00127248145244669
"520","bay_area","IN","1011",61,"2010",154668,0.000394393151783174
"521","bay_area","ME","1011",51,"2010",154668,0.000329738536736752
"522","puget_sound_area","NE","1011",104,"2010",88017,0.00118158992012907
"523","puget_sound_area","ME","1011",25,"2010",88017,0.000284036038492564
"524","puget_sound_area","IA","1011",87,"2010",88017,0.000988445413954122
"525","puget_sound_area","AR","1011",56,"2010",88017,0.000636240726223343
"526","puget_sound_area","RI","1011",39,"2010",88017,0.0004430962200484
"527","bay_area","RI","1011",60,"2010",154668,0.000387927690278532
"528","bay_area","VT","1011",22,"2010",154668,0.000142240153102128
"529","puget_sound_area","ND","1011",38,"2010",88017,0.000431734778508697
"530","bay_area","AK","1011",148,"2010",154668,0.000956888302687046
"531","puget_sound_area","DE","1011",13,"2010",88017,0.000147698740016133
"532","bay_area","NH","1011",34,"2010",154668,0.000219825691157835
"533","bay_area","bay_area","0910",85540,"2009",157795,0.542095757153269
"534","puget_sound_area","puget_sound_area","0910",42285,"2009",88697,0.476735402550255
"535","bay_area","CA","0910",28338,"2009",157795,0.179587439399221
"536","bay_area","LA","0910",11585,"2009",157795,0.0734180423967806
"537","puget_sound_area","WA","0910",9397,"2009",88697,0.105944958679549
"538","bay_area","TX","0910",3358,"2009",157795,0.0212807756899775
"539","bay_area","puget_sound_area","0910",2442,"2009",157795,0.0154757755315441
"540","puget_sound_area","LA","0910",3603,"2009",88697,0.0406214415369178
"541","bay_area","NY","0910",3312,"2009",157795,0.0209892582147723
"542","bay_area","NV","0910",2135,"2009",157795,0.0135302132513704
"543","bay_area","pdx","0910",1399,"2009",157795,0.00886593364808771
"544","puget_sound_area","bay_area","0910",2369,"2009",88697,0.0267089078548316
"545","puget_sound_area","pdx","0910",2434,"2009",88697,0.027441739855914
"546","puget_sound_area","AZ","0910",2411,"2009",88697,0.0271824300709156
"547","puget_sound_area","TX","0910",2792,"2009",88697,0.0314779530311059
"548","bay_area","AZ","0910",2067,"2009",157795,0.0130992743749802
"549","puget_sound_area","CA","0910",3255,"2009",88697,0.0366979717465078
"550","bay_area","OR","0910",1034,"2009",157795,0.00655280585569885
"551","bay_area","CO","0910",1362,"2009",157795,0.00863145220064007
"552","puget_sound_area","OR","0910",1401,"2009",88697,0.0157953482079439
"553","bay_area","IL","0910",1331,"2009",157795,0.00843499477169746
"554","bay_area","MA","0910",1414,"2009",157795,0.00896099369435027
"555","bay_area","FL","0910",1148,"2009",157795,0.00727526220729427
"556","puget_sound_area","HI","0910",1107,"2009",88697,0.0124806926953561
"557","puget_sound_area","FL","0910",1289,"2009",88697,0.0145326222983866
"558","puget_sound_area","CO","0910",1165,"2009",88697,0.0131346043270911
"559","puget_sound_area","NY","0910",1151,"2009",88697,0.0129767635883965
"560","puget_sound_area","NV","0910",909,"2009",88697,0.0102483736766745
"561","bay_area","HI","0910",1059,"2009",157795,0.00671123926613644
"562","puget_sound_area","ID","0910",820,"2009",88697,0.00924495755211563
"563","puget_sound_area","UT","0910",650,"2009",88697,0.00732832001082336
"564","bay_area","NC","0910",665,"2009",157795,0.00421432871763998
"565","puget_sound_area","NC","0910",662,"2009",88697,0.00746361207256164
"566","bay_area","GA","0910",516,"2009",157795,0.00327006559143192
"567","bay_area","UT","0910",539,"2009",157795,0.00341582432903451
"568","puget_sound_area","IL","0910",792,"2009",88697,0.00892927607472632
"569","puget_sound_area","GA","0910",598,"2009",88697,0.0067420544099575
"570","puget_sound_area","VA","0910",847,"2009",88697,0.00954936469102675
"571","bay_area","ID","0910",269,"2009",157795,0.0017047434963085
"572","bay_area","PA","0910",663,"2009",157795,0.00420165404480497
"573","bay_area","DC","0910",662,"2009",157795,0.00419531670838747
"574","puget_sound_area","AK","0910",798,"2009",88697,0.00899692210559545
"575","puget_sound_area","MA","0910",536,"2009",88697,0.00604304542430973
"576","bay_area","VA","0910",722,"2009",157795,0.00457555689343769
"577","bay_area","MD","0910",607,"2009",157795,0.00384676320542476
"578","puget_sound_area","MT","0910",543,"2009",88697,0.00612196579365706
"579","bay_area","MI","0910",385,"2009",157795,0.00243987452073893
"580","puget_sound_area","MD","0910",462,"2009",88697,0.00520874437692368
"581","bay_area","NJ","0910",822,"2009",157795,0.00520929053518806
"582","bay_area","MN","0910",321,"2009",157795,0.00203428499001869
"583","bay_area","OH","0910",367,"2009",157795,0.00232580246522387
"584","puget_sound_area","MN","0910",337,"2009",88697,0.00379945206714996
"585","puget_sound_area","TN","0910",306,"2009",88697,0.00344994757432608
"586","bay_area","WA","0910",326,"2009",157795,0.00206597167210621
"587","puget_sound_area","MI","0910",221,"2009",88697,0.00249162880367994
"588","puget_sound_area","OK","0910",272,"2009",88697,0.00306662006606762
"589","puget_sound_area","PA","0910",361,"2009",88697,0.00407003619062652
"590","puget_sound_area","MO","0910",286,"2009",88697,0.00322446080476228
"591","puget_sound_area","SC","0910",296,"2009",88697,0.00333720418954418
"592","bay_area","CT","0910",366,"2009",157795,0.00231946512880636
"593","puget_sound_area","NJ","0910",238,"2009",88697,0.00268329255780917
"594","bay_area","TN","0910",176,"2009",157795,0.00111537120948066
"595","puget_sound_area","OH","0910",284,"2009",88697,0.0032019121278059
"596","puget_sound_area","DC","0910",279,"2009",88697,0.00314554043541495
"597","puget_sound_area","KS","0910",284,"2009",88697,0.0032019121278059
"598","bay_area","NM","0910",272,"2009",157795,0.00172375550556101
"599","bay_area","WI","0910",186,"2009",157795,0.00117874457365569
"600","puget_sound_area","CT","0910",199,"2009",88697,0.00224359335715977
"601","puget_sound_area","WI","0910",188,"2009",88697,0.00211957563389968
"602","puget_sound_area","NM","0910",240,"2009",88697,0.00270584123476555
"603","bay_area","MO","0910",189,"2009",157795,0.0011977565829082
"604","puget_sound_area","KY","0910",147,"2009",88697,0.0016573277562939
"605","puget_sound_area","IN","0910",135,"2009",88697,0.00152203569455562
"606","bay_area","KS","0910",79,"2009",157795,0.000500649576982794
"607","bay_area","NE","0910",69,"2009",157795,0.000437276212807757
"608","bay_area","KY","0910",48,"2009",157795,0.000304192148040179
"609","bay_area","OK","0910",116,"2009",157795,0.000735131024430432
"610","puget_sound_area","AL","0910",172,"2009",88697,0.00193918621824864
"611","bay_area","IN","0910",144,"2009",157795,0.000912576444120536
"612","bay_area","ME","0910",51,"2009",157795,0.00032320415729269
"613","puget_sound_area","NE","0910",97,"2009",88697,0.00109361083238441
"614","puget_sound_area","ME","0910",31,"2009",88697,0.000349504492823884
"615","puget_sound_area","IA","0910",127,"2009",88697,0.0014318409867301
"616","puget_sound_area","AR","0910",52,"2009",88697,0.000586265600865869
"617","puget_sound_area","RI","0910",41,"2009",88697,0.000462247877605781
"618","bay_area","RI","0910",70,"2009",157795,0.000443613549225261
"619","bay_area","VT","0910",30,"2009",157795,0.000190120092525112
"620","puget_sound_area","ND","0910",11,"2009",88697,0.000124017723260088
"621","bay_area","AK","0910",105,"2009",157795,0.000665420323837891
"622","bay_area","SC","0910",37,"2009",157795,0.000234481447447638
"623","puget_sound_area","DE","0910",26,"2009",88697,0.000293132800432935
"624","bay_area","NH","0910",41,"2009",157795,0.000259830793117653
"625","bay_area","bay_area","0809",81647,"2008",155737,0.524262057186154
"626","puget_sound_area","puget_sound_area","0809",43025,"2008",91774,0.468814696972999
"627","bay_area","CA","0809",28859,"2008",155737,0.185305996648195
"628","bay_area","LA","0809",11461,"2008",155737,0.0735920173112363
"629","puget_sound_area","WA","0809",10269,"2008",91774,0.11189443633273
"630","bay_area","TX","0809",3755,"2008",155737,0.0241111617663112
"631","bay_area","puget_sound_area","0809",2643,"2008",155737,0.0169709189210014
"632","puget_sound_area","LA","0809",3645,"2008",91774,0.0397171312136335
"633","bay_area","NY","0809",3239,"2008",155737,0.0207978836114732
"634","bay_area","NV","0809",2357,"2008",155737,0.0151344895561106
"635","bay_area","pdx","0809",1841,"2008",155737,0.0118212114012727
"636","puget_sound_area","bay_area","0809",2412,"2008",91774,0.0262819534944538
"637","puget_sound_area","pdx","0809",2602,"2008",91774,0.0283522566304182
"638","puget_sound_area","AZ","0809",2618,"2008",91774,0.028526597947131
"639","puget_sound_area","TX","0809",2874,"2008",91774,0.0313160590145357
"640","bay_area","AZ","0809",2169,"2008",155737,0.0139273261973712
"641","puget_sound_area","CA","0809",3101,"2008",91774,0.0337895264453985
"642","bay_area","OR","0809",1154,"2008",155737,0.00740992827651746
"643","bay_area","CO","0809",1428,"2008",155737,0.0091693046610632
"644","puget_sound_area","OR","0809",1677,"2008",91774,0.0182731492579598
"645","bay_area","IL","0809",1415,"2008",155737,0.00908583059902271
"646","bay_area","MA","0809",1440,"2008",155737,0.00924635764140827
"647","bay_area","FL","0809",951,"2008",155737,0.00610644869234671
"648","puget_sound_area","HI","0809",1108,"2008",91774,0.012073136182361
"649","puget_sound_area","FL","0809",1232,"2008",91774,0.0134242813868852
"650","puget_sound_area","CO","0809",1280,"2008",91774,0.0139473053370236
"651","puget_sound_area","NY","0809",1185,"2008",91774,0.0129121537690413
"652","puget_sound_area","NV","0809",1020,"2008",91774,0.0111142589404406
"653","bay_area","HI","0809",1053,"2008",155737,0.0067613990252798
"654","puget_sound_area","ID","0809",999,"2008",91774,0.0108854359622551
"655","puget_sound_area","UT","0809",766,"2008",91774,0.00834659053762504
"656","bay_area","NC","0809",600,"2008",155737,0.00385264901725345
"657","puget_sound_area","NC","0809",704,"2008",91774,0.00767101793536296
"658","bay_area","GA","0809",643,"2008",155737,0.00412875553015661
"659","bay_area","UT","0809",677,"2008",155737,0.00434707230780097
"660","puget_sound_area","IL","0809",812,"2008",91774,0.00884782182317432
"661","puget_sound_area","GA","0809",758,"2008",91774,0.00825941987926864
"662","puget_sound_area","VA","0809",950,"2008",91774,0.0103515156798222
"663","bay_area","ID","0809",262,"2008",155737,0.00168232340420067
"664","bay_area","PA","0809",502,"2008",155737,0.00322338301110205
"665","bay_area","DC","0809",555,"2008",155737,0.00356370034095944
"666","puget_sound_area","AK","0809",688,"2008",91774,0.00749667661865016
"667","puget_sound_area","MA","0809",495,"2008",91774,0.00539368448580208
"668","bay_area","VA","0809",667,"2008",155737,0.00428286149084675
"669","bay_area","MD","0809",521,"2008",155737,0.00334538356331508
"670","puget_sound_area","MT","0809",527,"2008",91774,0.00574236711922767
"671","bay_area","MI","0809",307,"2008",155737,0.00197127208049468
"672","puget_sound_area","MD","0809",445,"2008",91774,0.0048488678710746
"673","bay_area","NJ","0809",681,"2008",155737,0.00437275663458266
"674","bay_area","MN","0809",295,"2008",155737,0.00189421910014961
"675","bay_area","OH","0809",337,"2008",155737,0.00216390453135735
"676","puget_sound_area","MN","0809",316,"2008",91774,0.00344324100507769
"677","puget_sound_area","TN","0809",248,"2008",91774,0.00270229040904831
"678","bay_area","WA","0809",344,"2008",155737,0.00220885210322531
"679","puget_sound_area","MI","0809",201,"2008",91774,0.00219016279120448
"680","puget_sound_area","OK","0809",341,"2008",91774,0.00371564931244143
"681","puget_sound_area","PA","0809",366,"2008",91774,0.00398805761980517
"682","puget_sound_area","MO","0809",299,"2008",91774,0.00325800335607035
"683","puget_sound_area","SC","0809",287,"2008",91774,0.00312724736853575
"684","bay_area","CT","0809",311,"2008",155737,0.00199695640727637
"685","puget_sound_area","NJ","0809",219,"2008",91774,0.00238629677250637
"686","bay_area","TN","0809",246,"2008",155737,0.00157958609707391
"687","puget_sound_area","OH","0809",289,"2008",91774,0.00314904003312485
"688","puget_sound_area","DC","0809",255,"2008",91774,0.00277856473511016
"689","puget_sound_area","KS","0809",223,"2008",91774,0.00242988210168457
"690","bay_area","NM","0809",357,"2008",155737,0.0022923261652658
"691","bay_area","WI","0809",206,"2008",155737,0.00132274282925702
"692","puget_sound_area","CT","0809",162,"2008",91774,0.00176520583171704
"693","puget_sound_area","WI","0809",190,"2008",91774,0.00207030313596443
"694","puget_sound_area","NM","0809",283,"2008",91774,0.00308366203935755
"695","bay_area","MO","0809",203,"2008",155737,0.00130347958417075
"696","puget_sound_area","KY","0809",159,"2008",91774,0.0017325168348334
"697","puget_sound_area","IN","0809",116,"2008",91774,0.00126397454616776
"698","bay_area","KS","0809",118,"2008",155737,0.000757687640059844
"699","bay_area","NE","0809",54,"2008",155737,0.00034673841155281
"700","bay_area","KY","0809",40,"2008",155737,0.000256843267816896
"701","bay_area","OK","0809",140,"2008",155737,0.000898951437359138
"702","puget_sound_area","AL","0809",141,"2008",91774,0.0015363828535315
"703","bay_area","IN","0809",122,"2008",155737,0.000783371966841534
"704","bay_area","ME","0809",36,"2008",155737,0.000231158941035207
"705","puget_sound_area","NE","0809",88,"2008",91774,0.00095887724192037
"706","puget_sound_area","ME","0809",31,"2008",91774,0.000337786301131039
"707","puget_sound_area","IA","0809",164,"2008",91774,0.00178699849630614
"708","puget_sound_area","AR","0809",78,"2008",91774,0.000849913918974873
"709","puget_sound_area","RI","0809",61,"2008",91774,0.000664676269967529
"710","bay_area","RI","0809",69,"2008",155737,0.000443054636984146
"711","bay_area","VT","0809",26,"2008",155737,0.000166948124080983
"712","puget_sound_area","ND","0809",26,"2008",91774,0.000283304639658291
"713","bay_area","AK","0809",117,"2008",155737,0.000751266558364422
"714","bay_area","SC","0809",76,"2008",155737,0.000488002208852103
"715","puget_sound_area","DE","0809",24,"2008",91774,0.000261511975069192
"716","bay_area","NH","0809",41,"2008",155737,0.000263264349512319
"717","pdx","pdx","1516",23046,"2015",23046,1
"718","oregon","pdx","1516",7814,"2015",7814,1
"719","WA","pdx","1516",3704,"2015",3704,1
"720","bay_area","pdx","1516",3204,"2015",191097,0.0167663542598785
"721","LA","pdx","1516",3085,"2015",3085,1
"722","puget_sound_area","pdx","1516",2335,"2015",100221,0.0232985102922541
"723","CA","pdx","1516",2195,"2015",2195,1
"724","AZ","pdx","1516",1261,"2015",1261,1
"725","TX","pdx","1516",1135,"2015",1135,1
"726","NY","pdx","1516",843,"2015",843,1
"727","CO","pdx","1516",744,"2015",744,1
"728","IL","pdx","1516",666,"2015",666,1
"729","NV","pdx","1516",634,"2015",634,1
"730","HI","pdx","1516",540,"2015",540,1
"731","FL","pdx","1516",504,"2015",504,1
"732","UT","pdx","1516",435,"2015",435,1
"733","MA","pdx","1516",405,"2015",405,1
"734","ID","pdx","1516",390,"2015",390,1
"735","MN","pdx","1516",247,"2015",247,1
"736","NM","pdx","1516",228,"2015",228,1
"737","AK","pdx","1516",216,"2015",216,1
"738","PA","pdx","1516",209,"2015",209,1
"739","NC","pdx","1516",204,"2015",204,1
"740","MI","pdx","1516",191,"2015",191,1
"741","OH","pdx","1516",184,"2015",184,1
"742","GA","pdx","1516",177,"2015",177,1
"743","MT","pdx","1516",176,"2015",176,1
"744","WI","pdx","1516",159,"2015",159,1
"745","VA","pdx","1516",144,"2015",144,1
"746","TN","pdx","1516",130,"2015",130,1
"747","DC","pdx","1516",129,"2015",129,1
"748","MD","pdx","1516",122,"2015",122,1
"749","MO","pdx","1516",119,"2015",119,1
"750","CT","pdx","1516",73,"2015",73,1
"751","NE","pdx","1516",66,"2015",66,1
"752","IN","pdx","1516",65,"2015",65,1
"753","OK","pdx","1516",60,"2015",60,1
"754","VT","pdx","1516",40,"2015",40,1
"755","pdx","pdx","1415",21368,"2014",21368,1
"756","oregon","pdx","1415",6679,"2014",6679,1
"757","WA","pdx","1415",1487,"2014",1487,1
"758","bay_area","pdx","1415",1788,"2014",132713,0.0134726816513831
"759","LA","pdx","1415",2327,"2014",2327,1
"760","puget_sound_area","pdx","1415",2223,"2014",68980,0.0322267323861989
"761","CA","pdx","1415",1469,"2014",1469,1
"762","AZ","pdx","1415",957,"2014",957,1
"763","TX","pdx","1415",755,"2014",755,1
"764","NY","pdx","1415",443,"2014",443,1
"765","CO","pdx","1415",330,"2014",330,1
"766","IL","pdx","1415",346,"2014",346,1
"767","NV","pdx","1415",501,"2014",501,1
"768","HI","pdx","1415",421,"2014",421,1
"769","FL","pdx","1415",227,"2014",227,1
"770","UT","pdx","1415",302,"2014",302,1
"771","MA","pdx","1415",210,"2014",210,1
"772","ID","pdx","1415",278,"2014",278,1
"773","MN","pdx","1415",131,"2014",131,1
"774","NM","pdx","1415",143,"2014",143,1
"775","AK","pdx","1415",242,"2014",242,1
"776","PA","pdx","1415",67,"2014",67,1
"777","NC","pdx","1415",44,"2014",44,1
"778","MI","pdx","1415",49,"2014",49,1
"779","OH","pdx","1415",124,"2014",124,1
"780","GA","pdx","1415",72,"2014",72,1
"781","MT","pdx","1415",34,"2014",34,1
"782","WI","pdx","1415",71,"2014",71,1
"783","VA","pdx","1415",69,"2014",69,1
"784","TN","pdx","1415",36,"2014",36,1
"785","DC","pdx","1415",77,"2014",77,1
"786","MD","pdx","1415",31,"2014",31,1
"787","MO","pdx","1415",56,"2014",56,1
"788","CT","pdx","1415",47,"2014",47,1
"789","NE","pdx","1415",25,"2014",25,1
"790","IN","pdx","1415",26,"2014",26,1
"791","OK","pdx","1415",20,"2014",20,1
"792","VT","pdx","1415",22,"2014",22,1
"793","pdx","pdx","1314",26883,"2013",26883,1
"794","oregon","pdx","1314",8401,"2013",8401,1
"795","WA","pdx","1314",2083,"2013",2083,1
"796","bay_area","pdx","1314",2193,"2013",167471,0.0130948044736104
"797","LA","pdx","1314",2752,"2013",2752,1
"798","puget_sound_area","pdx","1314",3052,"2013",93106,0.0327798423302472
"799","CA","pdx","1314",1947,"2013",1947,1
"800","AZ","pdx","1314",1430,"2013",1430,1
"801","TX","pdx","1314",768,"2013",768,1
"802","NY","pdx","1314",590,"2013",590,1
"803","CO","pdx","1314",599,"2013",599,1
"804","IL","pdx","1314",556,"2013",556,1
"805","NV","pdx","1314",710,"2013",710,1
"806","HI","pdx","1314",509,"2013",509,1
"807","FL","pdx","1314",326,"2013",326,1
"808","UT","pdx","1314",489,"2013",489,1
"809","MA","pdx","1314",313,"2013",313,1
"810","ID","pdx","1314",478,"2013",478,1
"811","MN","pdx","1314",164,"2013",164,1
"812","NM","pdx","1314",270,"2013",270,1
"813","AK","pdx","1314",300,"2013",300,1
"814","PA","pdx","1314",112,"2013",112,1
"815","NC","pdx","1314",119,"2013",119,1
"816","MI","pdx","1314",167,"2013",167,1
"817","OH","pdx","1314",140,"2013",140,1
"818","GA","pdx","1314",149,"2013",149,1
"819","MT","pdx","1314",97,"2013",97,1
"820","WI","pdx","1314",133,"2013",133,1
"821","VA","pdx","1314",136,"2013",136,1
"822","TN","pdx","1314",54,"2013",54,1
"823","DC","pdx","1314",112,"2013",112,1
"824","MD","pdx","1314",111,"2013",111,1
"825","MO","pdx","1314",117,"2013",117,1
"826","CT","pdx","1314",46,"2013",46,1
"827","NE","pdx","1314",31,"2013",31,1
"828","IN","pdx","1314",63,"2013",63,1
"829","OK","pdx","1314",22,"2013",22,1
"830","VT","pdx","1314",25,"2013",25,1
"831","pdx","pdx","1213",28326,"2012",28326,1
"832","oregon","pdx","1213",9562,"2012",9562,1
"833","WA","pdx","1213",2600,"2012",2600,1
"834","bay_area","pdx","1213",2197,"2012",181713,0.012090494350982
"835","LA","pdx","1213",2610,"2012",2610,1
"836","puget_sound_area","pdx","1213",3185,"2012",105991,0.0300497212027436
"837","CA","pdx","1213",2255,"2012",2255,1
"838","AZ","pdx","1213",1655,"2012",1655,1
"839","TX","pdx","1213",1153,"2012",1153,1
"840","NY","pdx","1213",733,"2012",733,1
"841","CO","pdx","1213",808,"2012",808,1
"842","IL","pdx","1213",536,"2012",536,1
"843","NV","pdx","1213",746,"2012",746,1
"844","HI","pdx","1213",585,"2012",585,1
"845","FL","pdx","1213",721,"2012",721,1
"846","UT","pdx","1213",536,"2012",536,1
"847","MA","pdx","1213",334,"2012",334,1
"848","ID","pdx","1213",565,"2012",565,1
"849","MN","pdx","1213",272,"2012",272,1
"850","NM","pdx","1213",302,"2012",302,1
"851","AK","pdx","1213",439,"2012",439,1
"852","PA","pdx","1213",213,"2012",213,1
"853","NC","pdx","1213",186,"2012",186,1
"854","MI","pdx","1213",245,"2012",245,1
"855","OH","pdx","1213",178,"2012",178,1
"856","GA","pdx","1213",205,"2012",205,1
"857","MT","pdx","1213",322,"2012",322,1
"858","WI","pdx","1213",159,"2012",159,1
"859","VA","pdx","1213",225,"2012",225,1
"860","TN","pdx","1213",113,"2012",113,1
"861","DC","pdx","1213",131,"2012",131,1
"862","MD","pdx","1213",141,"2012",141,1
"863","MO","pdx","1213",161,"2012",161,1
"864","CT","pdx","1213",87,"2012",87,1
"865","NE","pdx","1213",95,"2012",95,1
"866","IN","pdx","1213",107,"2012",107,1
"867","OK","pdx","1213",93,"2012",93,1
"868","VT","pdx","1213",26,"2012",26,1
"869","pdx","pdx","1112",26544,"2011",26544,1
"870","oregon","pdx","1112",9174,"2011",9174,1
"871","WA","pdx","1112",2515,"2011",2515,1
"872","bay_area","pdx","1112",1920,"2011",173900,0.0110408280621047
"873","LA","pdx","1112",2368,"2011",2368,1
"874","puget_sound_area","pdx","1112",3290,"2011",100863,0.0326185023249358
"875","CA","pdx","1112",2056,"2011",2056,1
"876","AZ","pdx","1112",1353,"2011",1353,1
"877","TX","pdx","1112",958,"2011",958,1
"878","NY","pdx","1112",592,"2011",592,1
"879","CO","pdx","1112",747,"2011",747,1
"880","IL","pdx","1112",511,"2011",511,1
"881","NV","pdx","1112",741,"2011",741,1
"882","HI","pdx","1112",521,"2011",521,1
"883","FL","pdx","1112",771,"2011",771,1
"884","UT","pdx","1112",484,"2011",484,1
"885","MA","pdx","1112",285,"2011",285,1
"886","ID","pdx","1112",524,"2011",524,1
"887","MN","pdx","1112",244,"2011",244,1
"888","NM","pdx","1112",212,"2011",212,1
"889","AK","pdx","1112",342,"2011",342,1
"890","PA","pdx","1112",207,"2011",207,1
"891","NC","pdx","1112",175,"2011",175,1
"892","MI","pdx","1112",168,"2011",168,1
"893","OH","pdx","1112",198,"2011",198,1
"894","GA","pdx","1112",253,"2011",253,1
"895","MT","pdx","1112",300,"2011",300,1
"896","WI","pdx","1112",121,"2011",121,1
"897","VA","pdx","1112",170,"2011",170,1
"898","TN","pdx","1112",93,"2011",93,1
"899","DC","pdx","1112",105,"2011",105,1
"900","MD","pdx","1112",153,"2011",153,1
"901","MO","pdx","1112",180,"2011",180,1
"902","CT","pdx","1112",71,"2011",71,1
"903","NE","pdx","1112",35,"2011",35,1
"904","IN","pdx","1112",111,"2011",111,1
"905","OK","pdx","1112",93,"2011",93,1
"906","VT","pdx","1112",39,"2011",39,1
"907","pdx","pdx","1011",20633,"2010",20633,1
"908","oregon","pdx","1011",162060,"2010",162060,1
"909","WA","pdx","1011",1052,"2010",1052,1
"910","bay_area","pdx","1011",1529,"2010",154668,0.00988569064059793
"911","LA","pdx","1011",1761,"2010",1761,1
"912","puget_sound_area","pdx","1011",2039,"2010",88017,0.0231659792994535
"913","CA","pdx","1011",1615,"2010",1615,1
"914","AZ","pdx","1011",1032,"2010",1032,1
"915","TX","pdx","1011",609,"2010",609,1
"916","NY","pdx","1011",555,"2010",555,1
"917","CO","pdx","1011",506,"2010",506,1
"918","IL","pdx","1011",438,"2010",438,1
"919","NV","pdx","1011",525,"2010",525,1
"920","HI","pdx","1011",380,"2010",380,1
"921","FL","pdx","1011",389,"2010",389,1
"922","UT","pdx","1011",355,"2010",355,1
"923","MA","pdx","1011",240,"2010",240,1
"924","ID","pdx","1011",435,"2010",435,1
"925","MN","pdx","1011",207,"2010",207,1
"926","NM","pdx","1011",138,"2010",138,1
"927","AK","pdx","1011",197,"2010",197,1
"928","PA","pdx","1011",199,"2010",199,1
"929","NC","pdx","1011",140,"2010",140,1
"930","MI","pdx","1011",227,"2010",227,1
"931","OH","pdx","1011",214,"2010",214,1
"932","GA","pdx","1011",168,"2010",168,1
"933","MT","pdx","1011",267,"2010",267,1
"934","WI","pdx","1011",181,"2010",181,1
"935","VA","pdx","1011",155,"2010",155,1
"936","TN","pdx","1011",102,"2010",102,1
"937","DC","pdx","1011",74,"2010",74,1
"938","MD","pdx","1011",101,"2010",101,1
"939","MO","pdx","1011",144,"2010",144,1
"940","CT","pdx","1011",51,"2010",51,1
"941","NE","pdx","1011",68,"2010",68,1
"942","IN","pdx","1011",90,"2010",90,1
"943","OK","pdx","1011",51,"2010",51,1
"944","VT","pdx","1011",40,"2010",40,1
"945","pdx","pdx","0910",21502,"2009",21502,1
"946","oregon","pdx","0910",156042,"2009",156042,1
"947","WA","pdx","0910",899,"2009",899,1
"948","bay_area","pdx","0910",1428,"2009",157795,0.00904971640419532
"949","LA","pdx","0910",1723,"2009",1723,1
"950","puget_sound_area","pdx","0910",1791,"2009",88697,0.0201923402144379
"951","CA","pdx","0910",1400,"2009",1400,1
"952","AZ","pdx","0910",861,"2009",861,1
"953","TX","pdx","0910",458,"2009",458,1
"954","NY","pdx","0910",543,"2009",543,1
"955","CO","pdx","0910",352,"2009",352,1
"956","IL","pdx","0910",333,"2009",333,1
"957","NV","pdx","0910",473,"2009",473,1
"958","HI","pdx","0910",337,"2009",337,1
"959","FL","pdx","0910",292,"2009",292,1
"960","UT","pdx","0910",368,"2009",368,1
"961","MA","pdx","0910",251,"2009",251,1
"962","ID","pdx","0910",346,"2009",346,1
"963","MN","pdx","0910",229,"2009",229,1
"964","NM","pdx","0910",137,"2009",137,1
"965","AK","pdx","0910",207,"2009",207,1
"966","PA","pdx","0910",181,"2009",181,1
"967","NC","pdx","0910",105,"2009",105,1
"968","MI","pdx","0910",203,"2009",203,1
"969","OH","pdx","0910",169,"2009",169,1
"970","GA","pdx","0910",124,"2009",124,1
"971","MT","pdx","0910",202,"2009",202,1
"972","WI","pdx","0910",95,"2009",95,1
"973","VA","pdx","0910",126,"2009",126,1
"974","TN","pdx","0910",58,"2009",58,1
"975","DC","pdx","0910",58,"2009",58,1
"976","MD","pdx","0910",97,"2009",97,1
"977","MO","pdx","0910",106,"2009",106,1
"978","CT","pdx","0910",65,"2009",65,1
"979","NE","pdx","0910",38,"2009",38,1
"980","IN","pdx","0910",69,"2009",69,1
"981","OK","pdx","0910",49,"2009",49,1
"982","VT","pdx","0910",26,"2009",26,1
"983","pdx","pdx","0809",20841,"2008",20841,1
"984","oregon","pdx","0809",169500,"2008",169500,1
"985","WA","pdx","0809",1080,"2008",1080,1
"986","bay_area","pdx","0809",1772,"2008",155737,0.0113781567642885
"987","LA","pdx","0809",2102,"2008",2102,1
"988","puget_sound_area","pdx","0809",2015,"2008",91774,0.0219561095735176
"989","CA","pdx","0809",1740,"2008",1740,1
"990","AZ","pdx","0809",1115,"2008",1115,1
"991","TX","pdx","0809",685,"2008",685,1
"992","NY","pdx","0809",594,"2008",594,1
"993","CO","pdx","0809",593,"2008",593,1
"994","IL","pdx","0809",446,"2008",446,1
"995","NV","pdx","0809",565,"2008",565,1
"996","HI","pdx","0809",433,"2008",433,1
"997","FL","pdx","0809",443,"2008",443,1
"998","UT","pdx","0809",386,"2008",386,1
"999","MA","pdx","0809",294,"2008",294,1
"1000","ID","pdx","0809",463,"2008",463,1
"1001","MN","pdx","0809",229,"2008",229,1
"1002","NM","pdx","0809",175,"2008",175,1
"1003","AK","pdx","0809",276,"2008",276,1
"1004","PA","pdx","0809",220,"2008",220,1
"1005","NC","pdx","0809",170,"2008",170,1
"1006","MI","pdx","0809",285,"2008",285,1
"1007","OH","pdx","0809",222,"2008",222,1
"1008","GA","pdx","0809",151,"2008",151,1
"1009","MT","pdx","0809",285,"2008",285,1
"1010","WI","pdx","0809",183,"2008",183,1
"1011","VA","pdx","0809",193,"2008",193,1
"1012","TN","pdx","0809",83,"2008",83,1
"1013","DC","pdx","0809",94,"2008",94,1
"1014","MD","pdx","0809",161,"2008",161,1
"1015","MO","pdx","0809",143,"2008",143,1
"1016","CT","pdx","0809",71,"2008",71,1
"1017","NE","pdx","0809",57,"2008",57,1
"1018","IN","pdx","0809",115,"2008",115,1
"1019","OK","pdx","0809",76,"2008",76,1
"1020","VT","pdx","0809",39,"2008",39,1
